diversity_level,seed,replicate,scenario,strategy,profile,prompt
D0,104729,1,d0_seed_104729.yaml,False,False,False
D0,130363,2,d0_seed_130363.yaml,False,False,False
D0,155921,3,d0_seed_155921.yaml,False,False,False
D0,181081,4,d0_seed_181081.yaml,False,False,False
D0,206369,5,d0_seed_206369.yaml,False,False,False
D1,104729,1,d1_seed_104729.yaml,True,False,False
D1,130363,2,d1_seed_130363.yaml,True,False,False
D1,155921,3,d1_seed_155921.yaml,True,False,False
D1,181081,4,d1_seed_181081.yaml,True,False,False
D1,206369,5,d1_seed_206369.yaml,True,False,False
D2,104729,1,d2_seed_104729.yaml,True,True,False
D2,130363,2,d2_seed_130363.yaml,True,True,False
D2,155921,3,d2_seed_155921.yaml,True,True,False
D2,181081,4,d2_seed_181081.yaml,True,True,False
D2,206369,5,d2_seed_206369.yaml,True,True,False
D3,104729,1,d3_seed_104729.yaml,True,True,True
D3,130363,2,d3_seed_130363.yaml,True,True,True
D3,155921,3,d3_seed_155921.yaml,True,True,True
D3,181081,4,d3_seed_181081.yaml,True,True,True
D3,206369,5,d3_seed_206369.yaml,True,True,True
D4,104729,1,d4_seed_104729.yaml,True,True,True
D4,130363,2,d4_seed_130363.yaml,True,True,True
D4,155921,3,d4_seed_155921.yaml,True,True,True
D4,181081,4,d4_seed_181081.yaml,True,True,True
D4,206369,5,d4_seed_206369.yaml,True,True,True
